{
  "results": [
    {
      "command": "zsh -d -f -l -c 'source ~/Projects/tmp/zsh_load_time/antibody.zsh; exit'",
      "mean": 0.16817849331333334,
      "stddev": 0.0030634059729227558,
      "user": 0.11361399666666666,
      "system": 0.09194886999999999,
      "min": 0.16178380698,
      "max": 0.17284476898,
      "times": [
        0.17149682698000002,
        0.16767482098,
        0.16763582298000002,
        0.16562584498000002,
        0.16705404798,
        0.17107479898,
        0.16743152698000002,
        0.16712698598,
        0.16178380698,
        0.16449869798,
        0.16935861398000002,
        0.17197781898,
        0.16634596298,
        0.17284476898,
        0.17074705398
      ]
    }
  ]
}
