{
  "results": [
    {
      "command": "zsh -d -f -l -c 'source ~/Projects/tmp/zsh_load_time/antibody_zero.zsh; exit'",
      "mean": 0.032936512715000005,
      "stddev": 0.0011732367150472979,
      "user": 0.019566513333333334,
      "system": 0.013295176666666667,
      "min": 0.031387556115,
      "max": 0.035445538115,
      "times": [
        0.035445538115,
        0.033383262115,
        0.032953469115,
        0.031632311115,
        0.032479498115,
        0.032629023115,
        0.033138107115,
        0.031387556115,
        0.034612267115000005,
        0.031584023115,
        0.033224187115000005,
        0.032625143115000005,
        0.033790069115,
        0.031456031115,
        0.033707205115
      ]
    }
  ]
}
