{
  "results": [
    {
      "command": "zsh -d -f -l -c 'source ~/Projects/tmp/zsh_load_time/zgen_zero.zsh; exit'",
      "mean": 0.14527044868333333,
      "stddev": 0.005316372307419498,
      "user": 0.10153198666666667,
      "system": 0.08261652000000001,
      "min": 0.13889663075,
      "max": 0.16060458075,
      "times": [
        0.13925462575,
        0.14497989875,
        0.14832214775,
        0.16060458075,
        0.14281853075,
        0.14725245475,
        0.14117223675,
        0.14391896875000001,
        0.14559624375000002,
        0.14780917475,
        0.14708918975000002,
        0.14497721175,
        0.13950016875000001,
        0.14686466675,
        0.13889663075
      ]
    }
  ]
}
