{
  "results": [
    {
      "command": "zsh -d -f -l -c 'source ~/Projects/tmp/zsh_load_time/zgen.zsh; exit'",
      "mean": 0.1477150073566667,
      "stddev": 0.0026244504688069147,
      "user": 0.10658742,
      "system": 0.08000350500000002,
      "min": 0.14410523589000002,
      "max": 0.15332478889,
      "times": [
        0.14813588289000001,
        0.14954494389,
        0.14811067289000002,
        0.14709389289000002,
        0.14962780989000002,
        0.14456712289,
        0.14710455189000002,
        0.14786047289,
        0.14656080089,
        0.14446534889,
        0.14916107789000002,
        0.15117089589000002,
        0.14489161189000002,
        0.14410523589000002,
        0.15332478889
      ]
    }
  ]
}
