{
  "results": [
    {
      "command": "zsh -d -f -l -c 'source ~/Projects/tmp/zsh_load_time/zplug.zsh; exit'",
      "mean": 0.52738413496,
      "stddev": 0.013070202127602943,
      "user": 0.34318696000000004,
      "system": 0.23310180999999996,
      "min": 0.51475452996,
      "max": 0.55768950196,
      "times": [
        0.5243990509600001,
        0.52093024996,
        0.52126870496,
        0.51847857996,
        0.52215068996,
        0.52802322496,
        0.55768950196,
        0.51475452996,
        0.54306704796,
        0.5230797689600001
      ]
    }
  ]
}
