{
  "results": [
    {
      "command": "zsh -d -f -l -c 'source ~/Projects/tmp/zsh_load_time/scripts/zplugin.zsh; exit'",
      "mean": 0.03244672394166667,
      "stddev": 0.00042224122319043235,
      "user": 0.018283373333333335,
      "system": 0.014104321666666664,
      "min": 0.031781664875000004,
      "max": 0.033177052875,
      "times": [
        0.032642487875,
        0.031781664875000004,
        0.031845465875,
        0.032126886875,
        0.032003995875,
        0.032401805875,
        0.032493713875,
        0.032815569875000006,
        0.033011778875,
        0.032512326875000004,
        0.032889541875000004,
        0.032489567875,
        0.033177052875,
        0.032046512875,
        0.032462486875
      ]
    }
  ]
}
