{
  "results": [
    {
      "command": "zsh -d -f -l -c 'source ~/Projects/tmp/zsh_load_time/zplug_zero.zsh; exit'",
      "mean": 0.441758896265,
      "stddev": 0.01124738651015261,
      "user": 0.29141014499999995,
      "system": 0.186252525,
      "min": 0.43375138656500006,
      "max": 0.46400221856500007,
      "times": [
        0.43375138656500006,
        0.43762015856500003,
        0.43821836956500004,
        0.43408730656500005,
        0.43952740656500006,
        0.43718503956500004,
        0.43782614956500004,
        0.46400221856500007,
        0.43391020756500004,
        0.46146071956500007
      ]
    }
  ]
}
