{
  "results": [
    {
      "command": "zsh -d -f -l -c 'source ~/Projects/tmp/zsh_load_time/zplugin_zero.zsh; exit'",
      "mean": 0.04271492985833333,
      "stddev": 0.0015380132995136417,
      "user": 0.026746639999999995,
      "system": 0.016015416666666664,
      "min": 0.040731468725,
      "max": 0.047182841725,
      "times": [
        0.041724586725,
        0.042559176725,
        0.042721516725,
        0.042002472725000004,
        0.043202787725000004,
        0.047182841725,
        0.041028316725,
        0.042128589725,
        0.043309451725,
        0.042742833725,
        0.043725538725,
        0.041271771725,
        0.042772272725,
        0.040731468725,
        0.043620321725
      ]
    }
  ]
}
