{
  "results": [
    {
      "command": "zsh -d -f -l -c 'source ~/Projects/tmp/zsh_load_time/scripts/zplugin.zsh; exit'",
      "mean": 0.03220165599166666,
      "stddev": 0.0006138866379998908,
      "user": 0.01804813,
      "system": 0.013596234999999996,
      "min": 0.031109425325,
      "max": 0.033504441324999995,
      "times": [
        0.032560353325,
        0.031260095325,
        0.032473636325,
        0.031886476324999996,
        0.032606364325,
        0.032585159324999995,
        0.033504441324999995,
        0.031109425325,
        0.032624975325,
        0.032468688324999995,
        0.031704924324999995,
        0.032102475325,
        0.032000996324999996,
        0.031678833324999996,
        0.032457995324999996
      ]
    }
  ]
}
