{
  "results": [
    {
      "command": "zsh -d -f -l -c 'source ~/Projects/tmp/zsh_load_time/zr.zsh; exit'",
      "mean": 0.2211506900126923,
      "stddev": 0.004059564930614059,
      "user": 0.1500616030769231,
      "system": 0.16373998923076924,
      "min": 0.21453909370500002,
      "max": 0.230296689705,
      "times": [
        0.221032428705,
        0.217946158705,
        0.224472134705,
        0.230296689705,
        0.220848209705,
        0.217084883705,
        0.219151025705,
        0.221595442705,
        0.225881490705,
        0.222096566705,
        0.21453909370500002,
        0.218917634705,
        0.221097210705
      ]
    }
  ]
}
