{
  "results": [
    {
      "command": "zsh -d -f -l -c 'source ~/Projects/tmp/zsh_load_time/zr_zero.zsh; exit'",
      "mean": 0.03423425865,
      "stddev": 0.0022163208588148577,
      "user": 0.0202975,
      "system": 0.013882081666666664,
      "min": 0.031370695250000004,
      "max": 0.040669248250000005,
      "times": [
        0.03448658525,
        0.031552221250000005,
        0.034433780250000004,
        0.031370695250000004,
        0.03350399425,
        0.032262660250000005,
        0.033174060250000005,
        0.03344803525,
        0.040669248250000005,
        0.034125823250000006,
        0.03634104325,
        0.03469021525,
        0.033737432250000005,
        0.03477299525,
        0.034945090250000005
      ]
    }
  ]
}
